fac_no_faction|无阵营
fac_commoners|平民
fac_outlaws|不法之徒
fac_neutral|中立
fac_innocents|无辜者
fac_merchants|商人
fac_culture_dacian|达契亚
fac_culture_celtic|不列颠
fac_culture_caledonian|喀里多尼亚
fac_culture_sarmatian|萨尔马提亚
fac_culture_germanic|日耳曼
fac_culture_caucasian|高加索
fac_culture_parthian|帕提亚
fac_culture_roman|罗马
fac_culture_judean|犹太
fac_culture_bosporan|博斯普鲁斯
fac_culture_arabian|阿拉伯
fac_culture_berber|柏柏尔
fac_culture_garmantian|加拉曼特
fac_culture_nubian|努比亚
fac_culture_saka|塞种
fac_culture_syrian|叙利亚
fac_culture_egyptian|埃及
fac_culture_greek|希腊
fac_player_faction|玩家阵营
fac_player_supporters_faction|玩家的支持者
fac_kingdom_1|盖塔人
fac_kingdom_2|喀里多尼亚人
fac_kingdom_3|博斯普鲁斯王国
fac_kingdom_4|弗里斯人
fac_kingdom_5|亚美尼亚
fac_kingdom_6|帕提亚王国
fac_kingdom_7|罗马帝国
fac_kingdom_8|杜姆诺尼人
fac_kingdom_9|科里尔陶维人
fac_kingdom_10|布里甘特人
fac_kingdom_11|萨尔马提亚人
fac_kingdom_12|西拉克人
fac_kingdom_13|卢吉人（Leugoz）
fac_kingdom_14|马科曼尼人
fac_kingdom_15|鲁吉人（Rygir）
fac_kingdom_16|夸迪人
fac_kingdom_17|犹太
fac_kingdom_18|伊阿居格人
fac_kingdom_19|巴塔维人
fac_kingdom_20|卡特利
fac_kingdom_21|高加索阿尔巴尼亚
fac_kingdom_22|科尔基斯
fac_kingdom_23|奥斯罗恩
fac_kingdom_24|罗马帝国·奥托派
fac_kingdom_25|罗马帝国·韦斯帕芗派
fac_kingdom_26|罗马帝国·维特里乌斯派
fac_kingdom_27|罗马帝国·加尔巴派
fac_roman_rebells|叛军
fac_deserters|逃兵
fac_judean_rebels|犹太叛军
fac_forest_bandits|伊斯帕尼亚叛军
fac_illyrian_bandits|伊利里亚叛军
fac_arabian_bandits|基达尔
fac_alans|阿兰人
fac_furor_teutonicus|条顿人
fac_egypt|瑞梅特朱-门-玛阿特（Remetjw-men-Maat）
fac_picton|皮克特人
fac_garamantes|加拉曼特人
fac_gaetuli|盖图利人
fac_nabataea|纳巴泰王国
fac_kush|库施
fac_irish|埃布达尼人
fac_danish|赫鲁利人
fac_slavic|格洛尼人
fac_georgians|迪杜里人
fac_dahae|达赫人
fac_minor_kingdoms_end|希腊
fac_gladiators|角斗士
