hint_1|Ira furor brevis est. - “愤怒不过是短暂的疯狂。”
hint_2|Igitur qui desiderat pacem, praeparet bellum. - “因此，渴望和平者，当备战。”
hint_3|Aliis si licet, tibi non licet. - “他人获准之事，你未必获准。”
hint_4|Acta Non Verba. - “以行动代替言语。”
hint_5|Semper Idem - “始终如一。”
hint_6|Male parta male dilabuntur - “不义而得，亦不义而失。”
hint_7|Fortes fortuna adiuvat. - “命运眷顾勇者。”
hint_8|Omnes una manet nox - “同一片长夜等待着所有人。”
hint_9|Carpe diem. - “把握今日。”
hint_10|Quis, Quid, Ubi, Quibus Auxiliis, Cur, Quomodo, Quando? - “何人、何事、何地、借助何物、为何、如何、何时？”
hint_11|In vino veritas. - “酒后吐真言。”
hint_12|Exitus Acta Probat – “结果证明行动的正当。”
hint_13|Alea iacta est. - “骰子已经掷下。”
hint_14|Veni, vidi, vici. - “我来，我见，我征服。”
hint_15|Memento mori. - “谨记，人终有一死。”
hint_16|Oderint dum metuant. - “任他们憎恨，只要他们畏惧。”
hint_17|Vae victis. - “败者遭殃。”
hint_18|Dulce et decorum est pro patria mori. - “为国捐躯，甘美而光荣。”
hint_19|Non ducor, duco. - “我不受人引领，我引领他人。”
hint_20|Panem et circenses. - “面包与竞技。”
hint_21|Homo homini lupus est. - “人与人相处，如狼相对。”
hint_22|Pecunia non olet. - “金钱没有臭味。”
hint_23|Repetitio est mater studiorum. - “重复乃学习之母。”
hint_24|De omnibus dubitandum. - “凡事皆当存疑。”
hint_25|Ad astra per aspera. - “历经艰辛，抵达群星。”
hint_26|Barba non facit philosophum. - “有胡须，并不就成了哲学家。”
hint_27|Draco dormiens nunquam titillandus. - “切勿逗弄沉睡的龙。”
hint_28|Festina lente. - “欲速则当从容。”
hint_29|Audere est Facere. - “敢为即是行动。”
hint_30|In absentia lucis, lupi vivunt. - “光明不在之处，群狼生存。”
