ip_overview| 概览
ip_overview_text|概览
ip_dplmc_autoloot|外交功能：自动拾取
ip_dplmc_autoloot_text|自动拾取设置位于扎营菜单中。此功能可让同伴（有名字的英雄，而非普通士兵）在战斗结束后自动从战利品中挑选装备。d^^启用此功能须满足以下条件之一：队伍中有人掠夺技能达到2级；队伍中有人物品管理技能达到3级；或玩家{他/她}本人物品管理技能达到2级。d^^你可以在这里设置近战及投掷武器优先采用的伤害类型（以挥砍和刺击伤害中较高者为准）。此外，还能细调双手武器、单手武器、长枪、骑枪及带刃长柄武器的选择。^^当前设置为：
ip_dplmc_autosell|外交功能：自动出售
ip_dplmc_autosell_text|自动出售功能让你能一次向商人出售多件物品，无须逐一出售。自动出售设置位于城镇菜单中，你可以指定允许出售的物品种类（例如不希望自动出售马匹）及价格上限（例如不希望自动出售价值超过200第纳尔的物品）。^^自动出售主要有两种使用方法。与城镇中的马商、护甲商或武器商交谈时，可选择出售特定类型物品的对话选项。另外，访问城镇时，也可通过菜单中市场部分的选项，在全城自动出售物品。^^在其他模组中用过自动出售的玩家请注意：此功能按特定规则出售你物品栏中的物品。已装备的物品及物品栏中的前三件物品绝不会出售。其后，系统也会跳过它认为可能属于你个人装备的物品（因为玩家往往有多套装备）。无论是否装备，系统都不会出售你最好的弓、弩、护甲、头盔、靴子或手套。如果你有可使用的弓，就不会出售最好的三袋箭；若有弩，则不会出售最好的三袋弩矢。盾牌、单手武器、双手武器、长柄武器和马匹中，最好及次好的两件也不会出售。最好的三件投掷武器同样会被保留。不过，角色无法使用的物品仍可出售。
ip_dplmc_deathcamera|外交功能：继续观战
ip_dplmc_deathcamera_text|战斗继续功能让你在被击昏后仍可观看战斗。镜头按键可在外交偏好设置菜单中查看。一般使用数字小键盘旋转镜头，使用移动键平移镜头。共有三种镜头模式。
ip_dplmc_disguise|外交功能：玩家伪装
ip_dplmc_disguise_text|玩家伪装系统让你在尝试潜入城镇时扮演不同类型的平民。除了原有的朝圣者长袍，你还可以从商人和内务官处获得新的成套装备。^原版中，被识破的概率取决于队伍人数。新系统改为依据玩家选择的身份计算被识破的概率，但会限制能带进带出城镇的金钱和物品。离开城镇后，玩家的物品栏会重新合并。
ip_hoty_keys|快捷键
ip_companions|同伴
ip_companions_text|同伴不再随机出现在酒馆。他们都有固定地点，或需要通过任务解锁。以下为所有同伴的完整列表：^^^*) 普拉瓦雷·伊塔里姆：赫尔松涅苏斯，城中马厩。^*) 马里乌斯·盖乌斯：安条克，城中市场。^*) 普尔克拉：尼科米底亚，城中酒馆。^*) 阿巴杜提克尔：特鲁索，城堡庭院（城门旁）。^*) 萨提巴尔扎尼斯：埃克巴塔那，城中马厩。^*) 菲伦特里克斯：科尔杜巴，城中酒馆。^*) 拉维娅：亚历山大里亚，城中街道。^*) 希尔德：乌布尔齐斯，城中酒馆。^*) 阿图里乌斯·斯普鲁斯：卢格杜努姆，城中酒馆。^*) 阿塔克洛斯：雅典，城中酒馆。^*) 狄俄尼西娅：帖撒罗尼迦，城中市场。^*) 杰雷姆斯：卢泰提亚，城中酒馆。^*) 考底利耶：泰西封，城中心。^*) 提图斯：梅迪奥拉努姆，城中酒馆。^*) 阿尔提梅努斯：温多博纳，城堡大厅。^*) 提托库娜：德瓦，城中酒馆。^*) 阿尼刻图斯：法西斯，城中酒馆。^*) 阿尔米尼乌斯：帕尔米拉，城中心。^*) 大特尔提乌斯：帕尔米拉，城中酒馆。^*) 小塞孔杜斯：杜拉欧罗波斯，城中心。^*) 德鲁苏斯：都拉基乌姆，城中酒馆。^*) 释奴提罗：塔拉科，城中酒馆。^*) 马尔库斯·图利乌斯：奥古斯塔埃梅里塔，城中心。^*) 西多尼乌斯·阿波利纳里斯：耶路撒冷，城中酒馆。^*) 索利乌斯·莫德斯图斯：底比斯，城中心。^*) 阿尔比努斯·巴西利乌斯：姆茨赫塔，城中酒馆。^*) 卢库卢斯·凯皮奥：迦太基，城中心。^*) 阿尼基乌斯：马西利亚，城中酒馆。^*) 法比亚努斯：奥古斯塔，城中酒馆。^*) 龙布斯：安居拉，城中酒馆。^*) 盖乌斯·莱莫尼乌斯：尼亚波利斯，城中心。^*) 卢基乌斯·小莫迪乌斯：塔伦图姆，城中心。^*) 拉·卡拉克：无固定地点，执行“沙漠之花”任务时加入。^*) 莉吉娅（以及乌尔苏斯）：罗马，侧街（奥利瓦里乌斯所在处）。^*) 马尔库斯·维尼基乌斯：罗马，城中酒馆。^*) 约瑟福斯：马萨达，城中心。^*) 埃拉扎尔·巴尔·约海：大莱普提斯，城中心。
ip_provinces|行省
ip_provinces_text|每座城镇、堡垒和村庄都隶属于某个行省。可以在聚落百科说明中查看所属行省，也可以在聚落名称中显示行省名。此选项仅在游戏开始时可用。^聚落有三种命名方式可选：^^普通：与原版一样，显示通常的名称。^^精确：聚落名称中也会显示其百科说明中记载的准确行省名称。^^简化：聚落名称中会显示简化的行省名称。^^^注意，简化行省名比精确名称涵盖的范围更广。以下为所用缩写列表：^^HS - 伊斯帕尼亚^GL - 高卢^BR - 不列颠尼亚^MG - 大日耳曼尼亚^IT - 意大利^IL - 伊利里亚^GR - 希腊^DA - 达契亚^TH - 色雷斯^AN - 安纳托利亚^AR - 亚美尼亚^MS - 美索不达米亚^SY - 叙利亚^JD - 犹太^EG - 埃及^AF - 阿非利加^SM - 萨尔马提亚^CA - 高加索^RN - 雷蒂亚与诺里库姆^CY - 塞浦路斯^CS - 科西嘉与撒丁尼亚 PR - 波斯与米底亚
ip_provinces_abbreviations|聚落命名设置
ip_provinces_abbreviations_text|游戏开始时，玩家可以为聚落选择三种不同的命名方式：^^普通：与原版一样，显示通常的名称。^^精确：聚落名称中也会显示其百科说明中记载的准确行省名称。^^简化：聚落名称中会显示简化的行省名称。^^^注意，简化行省名比精确名称涵盖的范围更广。以下为所用缩写列表：^^HS - 伊斯帕尼亚^GL - 高卢^BR - 不列颠尼亚^MG - 大日耳曼尼亚^IT - 意大利^IL - 伊利里亚^GR - 希腊^DA - 达契亚^TH - 色雷斯^AN - 安纳托利亚^AR - 亚美尼亚^MS - 美索不达米亚^SY - 叙利亚^JD - 犹太^EG - 埃及^AF - 阿非利加^SM - 萨尔马提亚^CA - 高加索^RN - 雷蒂亚与诺里库姆^CY - 塞浦路斯^CS - 科西嘉与撒丁尼亚 PR - 波斯与米底亚
ip_q_and_q|实用信息
ip_army_stances|队伍姿态与伏击
ip_army_stances_text|与《全面战争》系列类似，你可以为队伍设置行军姿态。共有三种姿态：^^- 默认：无效果^- 警戒：队伍会更谨慎地行军，尽量避免伏击（概率降低50%），但移动速度降低30%^- 强行军：行军速度提高40%，但遭伏击的概率也提高40%。此外，队伍会消耗双倍食物，士气也会逐渐下降（士兵因强行军而疲惫，需要吃更多食物）^^伏击：^所有非罗马阵营每两小时都有一次发动伏击的机会。日耳曼、不列颠和犹太阵营的概率要高得多。^提高跟踪技能并采用“警戒”姿态，可以降低遭伏击的概率。伏击期间，敌人布置的陷阱会造成随机伤亡。此外，战场上还会出现燃烧的火球，可能造成额外伤亡。
ip_morale2|士气管理
ip_morale2_text|玩家队伍的士气计算方式与原版不同。多种新增事件会影响士气，例如穿越沙漠或在冬季作战会降低士气。基础士气主要取决于队伍规模：接近人数上限时会承受严重惩罚，需要经常为士兵提供消遣（例如随军女性）以维持足够的士气。因此，平时不必总是满员行军，仅在战役需要时扩充至满员较为合理。^^提高队伍士气有多种方法：^可以发放额外军饷。^可以在酒馆请士兵喝蜂蜜酒或葡萄酒。^队伍中的随军妇女、女猎手、营地女卫、军人妻子、难民或普通农妇会逐渐提高士气（人数越多，提升越大，最多提升10点）。^还可以请祭司帮助提高士气。^罗马军队还能通过纪律措施提高士气，与军官交谈即可使用。^经常在城镇和堡垒休息也能提高士气。若不定期休息，队伍会累积士气惩罚。（可在选项中关闭此功能）
ip_follower_party|随营队伍
ip_follower_party_text|建立随营队伍需要主队至少有60人、10名未受伤的女性，以及用于雇用医师和购买骡子的2,500第纳尔。建立后，若你战败或主队人数降至40人以下，随营队伍会自动解散。^^你可以通过扎营菜单管理随营队伍，增加女性成员、在骡子上存放物品，或请医师治疗重伤。但随营队伍的成员不会参加战斗。你也可以手动解散随营队伍。^^随营队伍的其他优点：^^-) 骡子上储存的食物可供主队消耗，从而节省物品栏空间。^-) 若启用离开城镇后自动购买食物，且你拥有随营队伍，购买的食物会存入随营队伍（节省你自己的物品栏空间）。^-) 随营队伍中的军人妻子会提高你的手术技能（最多3级）。^-) 随营队伍中的随军妇女、女猎手、营地女卫或军人妻子会提高你的疗伤技能（最多3级）。^-) 随营队伍中的女性会提供士气加成。^-) 随营队伍中的女性不会在战场上作战，也不需要支付军饷。^^其缺点是，随营队伍会大幅减慢军队行军速度。
ip_sea_travell|海上旅行
ip_sea_travell_text|任何港口城镇的港湾都可以购买船只，价格为40,000第纳尔。购买后，前往该港湾并选择“从港口启航”。队伍至少要有15人才能航行。^^队伍中每名水手可提高1%的水上移动速度，最多提高40%。海寇也能提高水上移动速度，随营队伍中的水手同样计入。风力与天气会随时间变化，从风平浪静到狂风暴雨，也会影响航速。^^海上旅行存在风险。队伍达到30人时，航行中可能触发随机海上事件。这些事件会降低士气，若船只受损，还可能产生费用。^^若要靠岸，可以驶入友方港口；或在海上靠近岸边时，右键点击世界地图上的队伍并选择“寻找登陆点”。距离港口过近时无法使用此选项。登陆后，船只会留在岸边，可再次登船。无法进入敌方港口。
ip_aor|地域征募
ip_aor_text|以下列出了所有辅助兵大队：^^阿尔卑斯人大队：可在奥古斯塔温德利科鲁姆、温多博纳、梅迪奥拉努姆、热努阿的兵营招募^毛里人大队：可在基尔塔、迦太基、大莱普提斯、乌提卡的兵营招募^伊斯帕尼亚人大队：可在奥古斯塔、塔拉科、托洛萨、新迦太基、科尔杜巴、加德斯、奥古斯塔埃梅里塔的兵营招募^通格里人大队：可在特雷维罗鲁姆、阿格里皮纳殖民城、图利苏尔基乌姆、弗莱武姆、图利富尔杜姆的兵营招募^高卢人大队：可在卢格杜努姆、布尔迪加拉、马西利亚、卢泰提亚的兵营招募^巴达维人大队：可在莫贡提亚库姆、阿尔根托拉特、雷廷多维努姆、卢吉杜努姆、埃科利斯马、乌布尔齐斯的兵营招募^不列颠人大队：可在伦迪尼乌姆、德瓦、卡斯特卢姆、埃博拉库姆、杜尔诺瓦里亚的兵营招募^色雷斯人大队：可在拜占庭、诺瓦埃、托米斯、尼科波利斯阿德海穆姆、赫拉克利亚、维米纳基乌姆的兵营招募^佩特拉人大队（可在佩特拉、马萨达、推罗、耶路撒冷、米利都的兵营招募^巴达维人骑兵联队：可在能招募巴达维人大队的兵营招募^科马基尼人骑兵联队：可在潘提卡派翁、梅利泰内、特拉佩祖斯、尼科米底亚的兵营招募^高卢人骑兵联队：可在能招募高卢人大队的兵营招募^伊图赖亚人骑兵联队：可在安条克、约塔帕塔、塔尔苏斯的兵营招募^辅助骑兵联队：所有兵营均可招募^辅助兵大队：所有兵营均可招募^禁卫骑兵联队：所有兵营均可招募
ip_formations|高级阵型
ip_formations_text|战斗菜单中的复杂阵型包括：^^- 横列：最精锐的士兵在前排^- 盾墙：持盾士兵在前，长兵器士兵在后^- 楔形：最精锐的士兵在前^- 方阵：无特定排序^- 无阵型^^即便选择无阵型，玩家也可通过多次下达“靠拢”命令，将士兵排成最多四列。^^部队部署：^仅选中一支部队时，其前排的中心会移至指定位置。^^选中多支部队时，各部队会以玩家仿佛站在指定位置的方式分散展开。^^按F2、F7可记住所选部队相对玩家的位置。默认步兵在左、骑兵在右、远程部队在前。若玩家在阵型选项菜单中选择亲自带领某支部队，该部队的位置设置会被覆盖。^^如果启用了扎营菜单中的对应游戏选项，部队会转向敌军；否则会保持部署时玩家面朝的方向。^^战术操作：^使用键盘数字键选择部队，按0选择全军。^^使用F1至F4向选中的部队下达命令。按住F1可部署所选部队，也可通过此方式指定一支敌军为目标。
ip_crafting_orders|定制订单
ip_crafting_orders_text|你可以通过对话选项，向武器商、护甲商或大庄园的铁匠订制武器、盾牌、护甲、靴子等物品。制作需要一段时间，你还须支付材料费。完成后，与商人交谈即可领取。若未亲自领取，商人会把成品送来，但这比亲自找对应商人领取要慢得多。^^同样，你也可以通过马商或大庄园的育马师进口马匹。
ip_legio_1|- 第XXII初生军团
ip_legio_1_text|该军团已解散。
ip_legio_2|- 第III奥古斯塔军团
ip_legio_2_text|该军团已解散。
ip_legio_3|- 第V云雀军团
ip_legio_3_text|该军团已解散。
ip_legio_4|- 第XXI猛禽军团
ip_legio_4_text|该军团已解散。
ip_legio_5|- 第XX英勇胜利军团
ip_legio_5_text|该军团已解散。
ip_legio_6|- 第VI胜利军团
ip_legio_6_text|该军团已解散。
ip_legio_7|- 第XI克劳狄军团
ip_legio_7_text|该军团已解散。
ip_legio_8|- 第XIII合组军团
ip_legio_8_text|该军团已解散。
ip_legio_9|- 第V马其顿军团
ip_legio_9_text|该军团已解散。
ip_legio_10|- 第VI铁甲军团
ip_legio_10_text|该军团已解散。
ip_legio_11|- 第X海峡军团
ip_legio_11_text|该军团已解散。
ip_legio_12|- 禁卫军各大队
ip_legio_12_text|该军团已解散。
