imod_plain|普通的%s
imod_cracked|开裂的%s
imod_rusty|生锈的%s
imod_bent|弯曲的%s
imod_chipped|有缺口的%s
imod_battered|破损的%s
imod_poor|劣质的%s
imod_crude|粗制的%s
imod_old|陈旧的%s
imod_cheap|廉价的%s
imod_fine|精良的%s
imod_well_made|精制的%s
imod_sharp|锋利的%s
imod_balanced|平衡的%s
imod_tempered|淬火的%s
imod_deadly|致命的%s
imod_exquisite|精美的%s
imod_masterwork|大师级的%s
imod_heavy|沉重的%s
imod_strong|强劲的%s
imod_powerful|强力的%s
imod_tattered|破烂的%s
imod_ragged|褴褛的%s
imod_rough|粗糙的%s
imod_sturdy|坚固的%s
imod_thick|厚实的%s
imod_hardened|硬化的%s
imod_reinforced|加固的%s
imod_superb|上乘的%s
imod_lordly|华贵的%s
imod_lame|瘸腿的%s
imod_swaybacked|凹背的%s
imod_stubborn|倔强的%s
imod_timid|胆怯的%s
imod_meek|温顺的%s
imod_spirited|活泼的%s
imod_champion|冠军的%s
imod_fresh|新鲜的%s
imod_day_old|存放一天的%s
imod_two_day_old|存放两天的%s
imod_smelling|发臭的%s
imod_rotten|腐烂的%s
imod_large_bag|大袋的%s
