p_main_party|主队
p_town_1|德瓦
p_town_2|卢泰提亚
p_town_3|奥古斯塔
p_town_4|马西利亚
p_town_5|梅迪奥拉努姆
p_town_6|罗马
p_town_7|赫尔松涅苏斯
p_town_8|安居拉
p_town_9|德罗贝塔
p_town_10|塔尔苏斯
p_town_11|萨尔米泽盖图萨
p_town_12|卢格杜努姆
p_town_13|拜占庭
p_town_14|法西斯
p_town_15|图利富尔杜姆
p_town_16|腓力波波利斯
p_town_17|提格拉诺克尔塔
p_town_18|阿尔塔克萨塔
p_town_19|耶路撒冷
p_town_20|亚历山大里亚
p_town_21|基尔塔
p_town_22|安条克
p_town_23|卢普富尔杜姆
p_town_24|平纳塔堡
p_town_25|图尔
p_town_26|西拉凯纳
p_town_27|泰西封
p_town_28|迦太基
p_town_29|大莱普提斯
p_town_30|科尔杜巴
p_town_31|奥古斯塔埃梅里塔
p_town_32|塔拉科
p_town_33|塔伦图姆
p_town_34|尼亚波利斯
p_town_35|帖撒罗尼迦
p_town_36|都拉基乌姆
p_town_37|雅典
p_town_38|尼科米底亚
p_town_39|埃克巴塔那
p_town_40|杜拉欧罗波斯
p_town_41|托里克
p_town_42|达基达瓦
p_town_43|杜尔诺瓦里亚
p_town_44|拉瓦提奈
p_town_45|乌布尔齐斯
p_town_46|布尔迪加拉
p_town_47|帕尔米拉
p_town_48|底比斯
p_town_49|卡利萨
p_town_50|姆茨赫塔
p_town_51|尼沙普尔
p_town_52|拉盖
p_castle_1|新迦太基
p_castle_2|加德斯
p_castle_3|阿拉凯利
p_castle_4|温多博纳
p_castle_5|埃博拉库姆
p_castle_6|叙拉古
p_castle_7|内廷达瓦
p_castle_8|弗莱武姆
p_castle_9|奥古斯塔温德利科鲁姆
p_castle_10|杜罗科尔托鲁姆
p_castle_11|热努阿
p_castle_12|卡农图姆
p_castle_13|诺瓦埃
p_castle_14|维诺尼斯
p_castle_15|托米斯
p_castle_16|阿格里皮纳殖民城
p_castle_17|提拉斯
p_castle_18|佩特罗达瓦
p_castle_19|波泰萨
p_castle_20|赫拉克利亚
p_castle_21|奥尔比亚
p_castle_22|努伊托努姆
p_castle_23|伦迪尼乌姆
p_castle_24|莫贡提亚库姆
p_castle_25|居泰亚
p_castle_26|阿普萨罗斯
p_castle_27|波勒莫尼翁
p_castle_28|梅利泰内
p_castle_29|维米纳基乌姆
p_castle_30|阿尔贝拉
p_castle_31|米利都
p_castle_32|西尔米乌姆
p_castle_33|埃科利斯马
p_castle_34|温多尼萨
p_castle_35|萨洛纳
p_castle_36|特雷瓦
p_castle_37|特罗斯米斯
p_castle_38|阿尔萨莫萨塔
p_castle_39|辛吉杜努姆
p_castle_40|埃德萨
p_castle_41|昔兰尼
p_castle_42|萨莫萨塔
p_castle_43|乌提卡
p_castle_44|马萨达
p_castle_45|约塔帕塔
p_castle_46|凯撒利亚
p_castle_47|佩特拉
p_castle_48|弗拉斯帕
p_castle_49|图利苏尔基乌姆
p_castle_50|卢吉杜努姆
p_castle_51|布多尔吉斯
p_castle_52|西林古姆
p_castle_53|雷廷多维努姆
p_castle_54|哈拉
p_castle_55|斯帕西努河口城
p_castle_56|卡巴布塔卡
p_castle_57|卡穆洛杜努姆
p_castle_58|博多特里亚
p_castle_59|奥尤姆
p_castle_60|特鲁索
p_castle_61|卡拉利斯
p_castle_62|萨拉米斯
p_castle_63|克诺索斯
p_castle_64|廷吉斯
p_castle_65|苏萨
p_castle_66|忒弥斯居拉
p_castle_67|波鲁利苏姆
p_castle_68|杰尔宾特
p_castle_69|沙马哈
p_castle_70|阿拉什克尔特
p_castle_71|法纳戈里亚
p_castle_72|维鲁努姆
p_castle_73|韦尔迪德纳
p_castle_74|伊斯塔赫尔
p_castle_75|塔拜
p_castle_76|埃吕迈斯
p_castle_77|卡尔巴亚甘
p_castle_78|多克莱亚
p_castle_79|霍尔米尔扎德
p_castle_80|米亚内
p_village_1|彭圭恩
p_village_2|塞里亚法马尤利亚
p_village_3|林杜姆
p_village_4|帕克斯尤利亚
p_village_5|伊斯卡杜姆诺尼奥鲁姆
p_village_6|凯基利奥尼库姆
p_village_7|穆尔吉斯
p_village_8|波拉
p_village_9|图尔拉
p_village_10|杜布里斯
p_village_11|克莱皮达瓦
p_village_12|宁法翁
p_village_13|瓦伦提亚
p_village_14|拉尔努姆
p_village_15|尤利奥博纳
p_village_16|卡比隆
p_village_17|穆尔萨
p_village_18|维宗提翁
p_village_19|提拉纳
p_village_20|帕尔卡
p_village_21|塔马西达瓦
p_village_22|托姆斯
p_village_23|文德拉
p_village_24|派西基
p_village_25|塔奈斯
p_village_26|阿维奥努姆
p_village_27|梅德里亚库姆
p_village_28|潘提卡派翁
p_village_29|恩波里亚埃
p_village_30|维恩纳
p_village_31|塔尔贝利温泉城
p_village_32|诺维奥雷古姆
p_village_33|斯托本西乌姆
p_village_34|诺维奥马古斯
p_village_35|孔迪温库姆
p_village_36|纳尔博马尔提乌斯
p_village_37|鲍里斯忒涅斯
p_village_38|内梅塔库姆
p_village_39|巴提亚纳
p_village_40|佩什米
p_village_41|普洛提诺波利斯
p_village_42|奥雷斯提亚
p_village_43|庞培奥波利斯
p_village_44|特拉佩祖斯
p_village_45|帕加马
p_village_46|阿莱里亚
p_village_47|阿瓦里库姆
p_village_48|提吉西斯
p_village_49|杜罗斯托尔
p_village_50|奥林托斯
p_village_51|西顿
p_village_52|萨第斯
p_village_53|利利拜翁
p_village_54|凯纳布姆
p_village_55|杜罗布里瓦埃
p_village_56|布伦迪西乌姆
p_village_57|波滕提亚
p_village_58|安科纳
p_village_59|延达
p_village_60|拉文纳
p_village_61|特雷维罗鲁姆
p_village_62|拉提亚里亚
p_village_63|欧梅尼亚
p_village_64|塞图阿科图姆
p_village_65|普鲁萨
p_village_66|法比拉努姆
p_village_67|纳罗纳
p_village_68|迪沃杜鲁姆
p_village_69|腓尼刻
p_village_70|维维斯库斯
p_village_71|斯巴达
p_village_72|沃尔加尼乌姆
p_village_73|基多尼亚
p_village_74|亚德尔
p_village_75|西吉敦
p_village_76|佐阿兰达
p_village_77|奥古斯托杜努姆
p_village_78|尤瓦武姆
p_village_79|比巴库姆
p_village_80|诺维奥敦
p_village_81|阿莫里乌姆
p_village_82|奥古斯托内梅图姆
p_village_83|兰代亚
p_village_84|阿尔根托拉特
p_village_85|伊科尼乌姆
p_village_86|奈苏斯
p_village_87|桑加拉
p_village_88|阿塔利亚
p_village_89|乌提达瓦
p_village_90|科拉凯西乌姆
p_village_91|塔普苏斯
p_village_92|贝尔佐比斯
p_village_93|萨布拉塔
p_village_94|戈尔迪乌姆
p_village_95|佩卢西乌姆
p_village_96|希伯伦
p_village_97|加沙
p_village_98|撒马利亚
p_village_99|基尔凯西乌姆
p_village_100|提比里亚
p_village_101|埃阿
p_village_102|帕莱托尼乌姆
p_village_103|哈德鲁梅图姆
p_village_104|希波雷吉乌斯
p_village_105|西加
p_village_106|大港
p_village_107|杜罗斯托鲁姆
p_village_108|阿波洛尼亚
p_village_109|埃卢萨
p_village_110|埃梅萨
p_village_111|阿尔索尼乌姆
p_village_112|维德里乌姆
p_village_113|布尼提乌姆
p_village_114|塔拉维乌姆
p_village_115|塔瓦
p_village_117|特里莫尼乌姆
p_village_118|克洛塔
p_village_120|阿扎加里乌姆
p_village_121|许格雷斯
p_village_122|格兰
p_village_123|辛达
p_village_124|托雷塔
p_village_125|纳瓦里斯
p_village_126|阿尔凯奥波利斯
p_village_127|希拉
p_village_128|索斯特拉
p_village_129|巴比伦
p_village_130|克尔曼
p_village_131|西卡维内里亚
p_village_132|西普提穆尼基亚
p_village_133|哈达乌拉
p_village_134|萨布拉塔
p_village_135|加尔比亚
p_village_136|叙拉祖尔
p_village_137|腓莱努斯祭坛
p_village_138|赫尔库拉
p_village_139|拉米尼乌姆
p_village_140|埃吉塔尼亚
p_village_141|梅特利努姆
p_village_142|费利基塔斯尤利亚
p_village_143|埃布罗布里提乌姆
p_village_144|维尼克提亚
p_village_145|利米亚
p_village_146|凯撒奥古斯塔
p_village_147|卡尔卡
p_village_148|塞戈布里加
p_village_149|科森提亚
p_village_150|维利亚
p_village_151|雷吉乌姆
p_village_152|比萨埃
p_village_153|阿雷提乌姆
p_village_154|弗罗西诺
p_village_155|拉里萨
p_village_156|塞尔迪卡
p_village_157|阿马西亚
p_village_158|尼科波利斯
p_village_159|斯科德拉
p_village_160|塞格斯提卡
p_village_161|科林斯
p_village_162|帕特雷
p_village_163|塔维乌姆
p_village_164|阿利亚
p_village_165|比提尼乌姆
p_village_166|以弗所
p_village_167|塔克里特
p_village_168|阿纳塔
p_village_169|纳哈万德
p_village_170|里斯凯法斯
p_village_171|哈特拉
p_village_172|基什
p_village_173|埃比拉帕
p_village_174|狄奥斯库里亚斯
p_village_175|苏鲁巴
p_village_176|加尔提斯
p_village_177|纳波卡
p_village_178|桑达瓦
p_village_179|提里塔瓦
p_village_180|索尔维奥杜努姆
p_village_181|索利斯
p_village_182|塞贡提乌姆
p_village_183|拉泰
p_village_184|埃皮亚库姆
p_village_185|阿劳鲁斯
p_village_186|马梅尔库斯
p_village_187|索利基尼乌姆
p_village_188|卢波杜曼
p_village_189|洛科里图姆
p_village_190|迈维乌姆
p_village_191|卡兰科鲁姆
p_village_192|维亚德鲁斯
p_village_193|卡里尼
p_village_194|乌斯比乌姆
p_village_195|波埃托维奥
p_village_196|比奥林杜姆
p_village_197|托洛萨
p_village_198|希拉波利斯
p_village_199|科马纳
p_village_200|苏拉
p_village_201|伊苏斯
p_village_202|法尔拜图斯
p_village_203|阿特里比斯
p_village_204|赫拉克莱奥波利斯
p_village_205|赫尔莫波利斯
p_village_206|叙埃涅
p_village_207|孟斐斯
p_village_208|雷乌迪格尼乌姆
p_village_209|拉莫里亚
p_village_210|维内提亚
p_village_211|阿尔根图姆
p_village_212|萨塔拉
p_village_213|阿马扎里
p_village_214|阿尔马纳萨
p_village_215|纳克苏纳
p_village_216|图什帕
p_village_217|萨拉纳尼亚斯
p_village_218|加萨马
p_village_219|雷萨法
p_village_220|奥拉纳
p_village_221|阿尔萨尼亚
p_village_222|阿斯考利斯
p_village_223|贝兹
p_village_224|卡罗杜努姆
p_village_225|阿尔泰拉
p_village_226|阿莱里亚
p_village_227|罗得岛
p_village_228|鲁萨迪尔
p_village_229|帕尔马
p_village_230|许珀尔玻里亚
p_village_231|布里盖提奥
p_village_232|沙波兰
p_village_233|霍尔桑
p_village_234|扎雷哈万
p_village_235|阿米达
p_village_236|乌普利斯齐赫
p_village_237|卡赫提
p_village_238|甘扎克
p_village_239|戈尔吉皮亚
p_village_240|图尔尼亚
p_village_241|布里甘提乌姆
p_village_242|托勒迈斯
p_village_243|达拉布吉尔德
p_village_244|阿斯帕达纳
p_village_245|奥雷巴提斯
p_village_246|阿尔特米塔
p_village_247|费雷敦沙赫尔
p_village_248|利苏斯
p_village_249|阿比瓦尔德
p_village_250|萨拉赫斯
p_village_251|塞姆南
p_village_252|萨里
p_village_253|比尔詹德
p_village_254|古尔甘
p_village_255|班普尔
p_village_256|加兹温
p_village_257|阿拉瓦
p_test_scene|测试场景
p_battlefields|战场
p_training_ground|训练场
p_training_ground_1|角斗学校
p_training_ground_2|角斗学校
p_training_ground_3|角斗学校
p_training_ground_4|角斗学校
p_training_ground_5|角斗学校
p_bridge_1|训练场
p_looter_spawn_point|解散士兵（将其移至左侧栏）
p_steppe_bandit_spawn_point|欧洲萨尔马提亚
p_steppe_bandit_spawn_point1|斯基泰
p_steppe_bandit_spawn_point2|亚洲萨尔马提亚
p_taiga_bandit_spawn_point|默西亚
p_taiga_bandit_spawn_point1|伊利里库姆
p_taiga_bandit_spawn_point2|达尔马提亚
p_forest_bandit_spawn_point|萨尔曼提卡
p_forest_bandit_spawn_point1|贝提卡
p_forest_bandit_spawn_point2|塔拉科行省
p_mountain_bandit_spawn_point|纳巴泰
p_mountain_bandit_spawn_point1|犹太
p_mountain_bandit_spawn_point2|佩特拉阿拉伯
p_sea_raider_spawn_point_1|亚细亚
p_sea_raider_spawn_point_12|昔兰尼加
p_sea_raider_spawn_point_13|本都
p_sea_raider_spawn_point_2|毛里塔尼亚
p_sea_raider_spawn_point_21|努米底亚
p_sea_raider_spawn_point_23|阿非利加
p_desert_bandit_spawn_point|美索不达米亚
p_desert_bandit_spawn_point1|叙利亚荒漠
p_desert_bandit_spawn_point2|阿拉伯
p_desert_bandit_spawn_point3|努比亚
p_egyptian_spawn|埃及
p_saka_spawn|花剌子模
p_black_sea_pirates_spawn_1|黑海
p_reserved_1|维苏威火山
p_reserved_2|埃特纳火山
p_pillars|赫拉克勒斯之柱
p_grave_anatolia|索吕莫斯之墓
p_tarquinii|塔尔奎尼墓地
p_underworld|克劳狄娅的家
p_forest|幽暗森林
p_german_temple_1|巴杜亨娜圣所
p_german_temple_2|敦拉兹圣所
p_german_temple_3|弗里约圣所
p_slavic_holy_side_1|什伦扎
p_stone_henge|安德拉斯忒圣所
p_stone_henge_2|马波诺斯圣所
p_dacian_holy_side_1|格贝莱齐斯神庙
p_dacian_holy_side_2|扎尔莫克西斯神庙
p_sarmatian_holy_side_1|戈伊托叙罗斯祭坛
p_sarmatian_holy_side_2|阿尔廷帕萨祭坛
p_caucasian_holy_side_1|米赫尔神庙
p_caucasian_holy_side_2|阿尔马齐祭坛
p_persian_holy_side_1|阿扎尔巴尔津圣火
p_persian_holy_side_2|巴尔德内尚德圣火
p_arabian_holy_side_1|拉特神庙
p_african_holy_side_1|伊夫里圣洞
p_african_holy_side_2|阿蒙神庙
p_african_holy_side_3|阿佩德马克狮神庙
p_pyramids|吉萨金字塔
p_olympia|奥林匹亚
p_delphi|德尔斐
p_ferry_1a|渡口
p_ferry_2a|渡口
p_ferry_3a|渡口
p_ferry_4a|渡口
p_ferry_5a|渡口
p_ferry_1b|渡口
p_ferry_2b|渡口
p_ferry_3b|渡口
p_ferry_4b|渡口
p_ferry_5b|渡口
p_landing_point|登陆点
p_jetty_1a|码头
p_jetty_3a|码头
p_jetty_3b|码头
p_jetty_4c|码头
p_jetty_5c|码头
p_jetty_6d|码头
p_jetty_8e|码头
p_jetty_11e|码头
p_jetty_12f|码头
p_follower_party|随行队伍
p_lighthouse|灯塔
p_caves_of_bacchus|狄俄尼索斯洞窟
p_sacred_grove|古墓
p_sacred_grove_2|圣林
p_royal_tombs|埃盖马其顿王陵
p_mount_olymp|奥林匹斯山
p_old_mine|废弃矿井
p_holy_lance_cave|西奈山
p_valley_of_elah|以拉谷
p_gaetulian_town_1|拉尔巴斯
p_garmantian_town_1|加拉马
p_arabian_town_1|赫格拉
p_nubian_town_1|麦罗埃
p_irish_town_1|敦艾林尼
p_danish_town_1|阿拉布
p_slavic_town_1|格洛诺斯
p_georgian_town_1|塞拉卡
p_dahae_town_1|卡特
p_hanging_gardens|巴比伦空中花园
p_island|基特诺斯
p_langobard_landing|卢吉人营地
p_kurgan|古冢
p_temple_of_rhodogune|赞布
p_vally_of_kings|帝王谷
