pt_rescued_prisoners|获救的俘虏
pt_enemy|敌军
pt_hero_party|英雄队伍
pt_village_defenders|村庄守军
pt_village_defenders_rom|村庄守军
pt_village_defenders_east|村庄守军
pt_village_defenders_syria|村庄守军
pt_village_defenders_arab|村庄守军
pt_village_defenders_egyptian|村庄守军
pt_village_defenders_greek|村庄守军
pt_village_defenders_celt|村庄守军
pt_village_defenders_cal|村庄守军
pt_village_defenders_germ|村庄守军
pt_village_defenders_sarm|村庄守军
pt_village_defenders_dac|村庄守军
pt_village_defenders_jew|村庄守军
pt_village_defenders_bos|村庄守军
pt_cattle_herd|牛群
pt_looters_2|逃亡奴隶
pt_looters|劫匪
pt_sarmatian_looter|萨尔马提亚劫匪
pt_bosporan_looter|博斯普鲁斯劫匪
pt_judean_looter|犹太劫匪
pt_parthian_looter|帕提亚劫匪
pt_persian_looter|波斯劫匪
pt_roman_looter|罗马劫匪
pt_celtic_looter|凯尔特劫匪
pt_germanic_looter|日耳曼劫匪
pt_dacian_looter|达契亚劫匪
pt_thracian_looter|色雷斯劫匪
pt_arabian_looter|阿拉伯劫匪
pt_syrian_looter|叙利亚劫匪
pt_eastern_looter|东方劫匪
pt_berber_looter|毛里劫匪
pt_garamantian_looter|加拉曼特劫匪
pt_caucasian_looter|高加索劫匪
pt_greek_looter|希腊劫匪
pt_galatian_looter|加拉太劫匪
pt_illyrian_looter|伊利里亚劫匪
pt_hispanic_looter|伊斯帕尼亚劫匪
pt_gaulish_looter|高卢劫匪
pt_nubian_looter|努比亚劫匪
pt_saka_looter|塞种劫匪
pt_egyptian_looter|埃及劫匪
pt_steppe_bandits|阿兰劫掠者
pt_taiga_bandits|伊利里亚叛军
pt_desert_bandits|阿拉伯劫掠者
pt_forest_bandits|伊比利亚叛军
pt_judean_rebels_party|犹太叛军
pt_sea_raiders|海寇
pt_black_sea_pirates|海盗
pt_egyptian_rebels|埃及叛军
pt_garamantes|加拉曼特劫掠者
pt_gaetuli|盖图利劫掠者
pt_nabatean|纳巴泰劫掠者
pt_nubian|努比亚劫掠者
pt_irish|爱尔兰劫掠者
pt_slavs|斯拉夫劫掠者
pt_danes|赫鲁利劫掠者
pt_georgians|高加索劫掠者
pt_sakas|塞种劫掠者
pt_pictonen|年轻战士
pt_deserters|逃兵
pt_merchant_caravan|商人车队
pt_troublesome_bandits|滋事的匪徒
pt_bandits_awaiting_ransom|等待赎金的匪徒
pt_kidnapped_girl|被绑架的女孩
pt_village_farmers|村民
pt_village_bosporan|村民
pt_village_sarmatian|村民
pt_village_judean|村民
pt_village_parthian|村民
pt_village_persian|村民
pt_village_roman|村民
pt_village_celtic|村民
pt_village_germanic|村民
pt_village_dacian|村民
pt_village_armenian|村民
pt_village_caucasian|村民
pt_village_arabian|村民
pt_village_berber|村民
pt_village_garmantian|村民
pt_village_syrian|村民
pt_village_egyptian|村民
pt_village_greek|村民
pt_village_eastern|村民
pt_village_galatian|村民
pt_village_gaulish|村民
pt_village_thracian|村民
pt_village_hispanic|村民
pt_village_illyrian|村民
pt_village_gaul|村民
pt_village_nubian|村民
pt_village_saka|村民
pt_spy_partners|不起眼的旅人
pt_runaway_serfs|逃亡奴隶
pt_spy|普通市民
pt_sacrificed_messenger|牺牲的信使
pt_forager_party|征粮队
pt_scout_party|斥候
pt_patrol_party|巡逻队
pt_messenger_party|信使
pt_raider_party|劫掠者
pt_raider_captives|被劫掠者俘虏的人
pt_kingdom_caravan_party|商队
pt_prisoner_train_party|奴隶押送队
pt_routed_warriors|溃败的敌军
pt_kingdom_hero_party|战团
pt_mercenary_guard|雇佣卫队
pt_mercenary_warband|雇佣战团
pt_mercenary_cav|雇佣骑兵
pt_mercenary_illyrian|伊利里亚雇佣兵
pt_gladiatores|角斗士
pt_mercenary_rhodos|罗得岛雇佣兵
pt_mercenary_kreta|克里特岛雇佣兵
pt_mercenary_hispanic|伊斯帕尼亚雇佣兵
pt_mercenary_scythian|斯基泰雇佣兵
pt_mercenary_alan|阿兰雇佣兵
pt_mercenary_celtic|凯尔特雇佣兵
pt_mercenary_irish|爱尔兰雇佣兵
pt_mercenary_germanic|日耳曼雇佣兵
pt_mercenary_nightwarriors|夜战士
pt_mercenary_dani|赫鲁利雇佣兵
pt_mercenary_lombard|温尼利雇佣兵
pt_mercenary_slavic|格洛尼雇佣兵
pt_mercenary_persian|波斯山民
pt_mercenary_cataphracts|波斯具装骑兵
pt_mercenary_indian|印度雇佣兵
pt_mercenary_garamantian|加拉曼特雇佣兵
pt_mercenary_gaetulian|盖图利雇佣兵
pt_mercenary_moreo|努比亚雇佣兵
pt_mercenary_egyptian|埃及雇佣兵
pt_mercenary_arab|阿拉伯雇佣兵
pt_mercenary_arab_cav|阿拉伯雇佣骑兵
pt_mercenary_palmyra|帕尔米拉雇佣兵
pt_mercenary_caucasia|北高加索劫掠者
pt_mercenary_dahae|塞种劫掠者
pt_mercenary_saka_amazon|塞种女战士
pt_custom_infantry_retinue|步兵扈从（自定义）
pt_custom_cavalry_retinue|骑兵扈从（自定义）
pt_custom_skirmisher_retinue|散兵扈从（自定义）
pt_culture_1_town_watch|达契亚城镇卫队
pt_culture_2_town_watch|凯尔特城镇卫队
pt_culture_2_1_town_watch|喀里多尼亚城镇卫队
pt_culture_3_town_watch|萨尔马提亚城镇卫队
pt_culture_4_town_watch|日耳曼城镇卫队
pt_culture_5_town_watch|高加索城镇卫队
pt_culture_6_town_watch|波斯城镇卫队
pt_culture_7_town_watch|消防卫兵
pt_culture_8_town_watch|犹太城镇卫队
pt_culture_9_town_watch|博斯普鲁斯城镇卫队
pt_culture_10_town_watch|阿拉伯城镇卫队
pt_culture_11_town_watch|柏柏尔城镇卫队
pt_culture_12_town_watch|加拉曼特城镇卫队
pt_culture_13_town_watch|努比亚城镇卫队
pt_culture_14_town_watch|塞种城镇卫队
pt_culture_15_town_watch|叙利亚城镇卫队
pt_culture_16_town_watch|埃及城镇卫队
pt_culture_17_town_watch|希腊城镇卫队
pt_culture_4_1_town_watch|巴达维城镇卫队
pt_kingdom_1_reinforcements_a|达契亚征召兵
pt_kingdom_1_reinforcements_b|达契亚领主扈从
pt_kingdom_1_reinforcements_c|达契亚王室扈从
pt_kingdom_2_reinforcements_a|凯尔特征召兵
pt_kingdom_2_reinforcements_b|凯尔特领主扈从
pt_kingdom_2_reinforcements_c|凯尔特王室扈从
pt_kingdom_2_1_reinforcements_a|喀里多尼亚征召兵
pt_kingdom_2_1_reinforcements_b|喀里多尼亚领主扈从
pt_kingdom_2_1_reinforcements_c|喀里多尼亚王室扈从
pt_kingdom_3_reinforcements_a|萨尔马提亚征召兵
pt_kingdom_3_reinforcements_b|萨尔马提亚领主扈从
pt_kingdom_3_reinforcements_c|萨尔马提亚王室扈从
pt_kingdom_4_reinforcements_a|日耳曼征召兵
pt_kingdom_4_reinforcements_b|日耳曼领主扈从
pt_kingdom_4_1_reinforcements_b|东日耳曼领主扈从
pt_kingdom_4_reinforcements_c|西日耳曼王室扈从
pt_kingdom_5_reinforcements_a|高加索征召兵
pt_kingdom_5_reinforcements_b|亚美尼亚领主扈从
pt_kingdom_5_reinforcements_c|亚美尼亚王室扈从
pt_kingdom_5_1_reinforcements_b|高加索领主扈从
pt_kingdom_5_1_reinforcements_c|高加索王室扈从
pt_kingdom_6_reinforcements_a|波斯征召兵
pt_kingdom_6_reinforcements_b|帕提亚领主扈从
pt_kingdom_6_reinforcements_c|帕提亚王室扈从
pt_kingdom_7_reinforcements_a|辅助骑兵队
pt_kingdom_7_reinforcements_b|消防卫兵大队
pt_kingdom_7_reinforcements_c|辅助兵中队
pt_kingdom_8_reinforcements_a|犹太征召兵
pt_kingdom_8_reinforcements_b|犹太扈从
pt_kingdom_8_reinforcements_c|犹太卫队
pt_kingdom_9_reinforcements_a|博斯普鲁斯征召兵
pt_kingdom_9_reinforcements_b|博斯普鲁斯领主扈从
pt_kingdom_9_reinforcements_c|博斯普鲁斯王室扈从
pt_kingdom_19_reinforcements_a|罗马日耳曼征召兵
pt_kingdom_19_reinforcements_b|罗马日耳曼大队
pt_kingdom_19_reinforcements_c|罗马日耳曼扈从
pt_kingdom_23_reinforcements_a|叙利亚征召兵
pt_kingdom_23_reinforcements_b|叙利亚领主扈从
pt_kingdom_23_reinforcements_c|叙利亚王室扈从
pt_steppe_bandit_lair|阿兰营地
pt_taiga_bandit_lair|伊利里亚巢穴
pt_desert_bandit_lair|阿拉伯营地
pt_egyptian_bandit_lair|古埃及堡垒
pt_nabatean_lair|纳巴泰营地
pt_nubian_lair|努比亚村庄
pt_numidian_bandit_lair|加拉曼特村庄
pt_gaetuli_bandit_lair|盖图利营地
pt_forest_bandit_lair|伊斯帕尼亚藏身处
pt_mountain_bandit_lair|犹太藏身处
pt_sea_raider_lair|海寇登陆点
pt_black_sea_pirates_lair|海盗藏身处
pt_saka_camp|塞种营地
pt_looter_lair|绑匪藏身处
pt_leaded_looters|强盗团伙
pt_dplmc_gift_caravan|你的商队
pt_refugees|难民
pt_legio_xxii_primigenia_staff|第I援助军团第一大队
pt_legio_iii_augusta_staff|第III奥古斯塔军团第一大队
pt_legio_v_alaudae_staff|第V云雀军团第一大队
pt_legio_xxi_rapax__staff|第XXI猛禽军团第一大队
pt_legio_xx_valeria_victrix_staff|第XX英勇胜利军团第一大队
pt_legio_vi_victrix_staff|第VI胜利军团第一大队
pt_legio_xi_claudia_staff|第XI克劳狄军团第一大队
pt_legio_xiii_gemina_staff|第XIII合组军团第一大队
pt_legio_v_macedonia_staff|第V马其顿军团第一大队
pt_legio_vi_ferrata_staff|第VI铁甲军团第一大队
pt_legio_x_fretensis_staff|第X海峡军团第一大队
pt_praetoriani_staff|禁卫军第一大队
pt_player_legion_staff|指挥部
pt_legio_xxii_primigenia_cohors|第I援助军团大队
pt_legio_iii_augusta_cohors|第III奥古斯塔军团大队
pt_legio_v_alaudae_cohors|第V云雀军团大队
pt_legio_xxi_rapax__cohors|第XXI猛禽军团大队
pt_legio_xx_valeria_victrix_cohors|第XX英勇胜利军团大队
pt_legio_vi_victrix_cohors|第VI胜利军团大队
pt_legio_xi_claudia_cohors|第XI克劳狄军团大队
pt_legio_xiii_gemina_cohors|第XIII合组军团大队
pt_legio_v_macedonia_cohors|第V马其顿军团大队
pt_legio_vi_ferrata_cohors|第VI铁甲军团大队
pt_legio_x_fretensis_cohors|第X海峡军团大队
pt_praetoriani_cohors|禁卫军大队
pt_player_cohort|大队
pt_cohors_aux|辅助兵大队
pt_cohors_alp|阿尔卑斯人大队
pt_cohors_afr|毛里人大队
pt_cohors_hisp|伊斯帕尼亚人大队
pt_cohors_tung|通格里人大队
pt_cohors_gal|高卢人大队
pt_cohors_bata|巴达维人大队
pt_cohors_brit|不列颠人大队
pt_cohors_thrac|色雷斯人大队
pt_cohors_jud|佩特拉人大队
pt_ala_batavorum|巴达维人骑兵联队
pt_ala_asia|科马基尼人骑兵联队
pt_ala_gal|高卢人骑兵联队
pt_ala_syr|伊图赖亚人骑兵联队
pt_ala_aux|辅助骑兵联队
pt_ala_preat|禁卫骑兵联队
pt_ala_preat_2|日耳曼近身卫队骑兵联队
pt_player_aux_inf|步兵
pt_player_aux_cav|骑兵
pt_praetoriani_archer_cohors|禁卫弓兵大队
pt_engineer_cohort|弩炮中队
pt_engineer_cohort_custom|弩炮中队（自定义）
pt_cohors_aux_archer|辅助兵大队
pt_cohors_alp_archer|阿尔卑斯人大队
pt_cohors_afr_archer|毛里人大队
pt_cohors_hisp_archer|伊斯帕尼亚人大队
pt_cohors_tung_archer|通格里人大队
pt_cohors_gal_archer|高卢人大队
pt_cohors_bata_archer|巴达维人大队
pt_cohors_brit_archer|不列颠人大队
pt_cohors_thrac_archer|色雷斯人大队
pt_cohors_jud_archer|佩特拉人大队
pt_player_aux_archer|步兵
pt_germans|日耳曼叛军
pt_brits|凯尔特叛军
pt_nomads|部族叛军
pt_cals|喀里多尼亚叛军
pt_dacians|达契亚叛军
pt_jewish_revolt|犹太大起义军
pt_slave_hideout|藏身处
pt_player_camp|营地
pt_port|港口
pt_ferry_port|港口
pt_jetty_port|港口
pt_landet_ships|你的船只
pt_traveller_ship|旅人
pt_slave_trader_ship|奴隶商人
pt_sea_traders|商人
pt_rebels|叛军
pt_hord_siraken|游牧大军
pt_hord_roxolanen|游牧大军
pt_crucified_slaves|被钉上十字架的奴隶
pt_patrols_end|巡逻队
pt_slave_revolt|阿尔布斯的队伍
pt_grove|圣林
pt_latifundium|大庄园
pt_parthian_exp|远征军
pt_barbarus_fleet|巴尔巴鲁斯·鲁弗斯的舰队
