qst_deliver_message|普通任务：给{s13}送信
qst_deliver_message_to_enemy_lord|普通任务：给{s13}送信
qst_raise_troops|普通任务：俘获{reg1}名{s14}
qst_escort_lady|普通任务：护送{s13}前往{s14}
qst_deal_with_bandits_at_lords_village|普通任务：从匪徒手中解救{s15}村
qst_collect_taxes|普通任务：向{s3}征税
qst_hunt_down_fugitive|普通任务：追捕{s4}
qst_kill_local_merchant|普通任务：刺杀{s3}的当地商人
qst_bring_back_runaway_serfs|普通任务：带回逃跑的奴隶
qst_follow_spy|普通任务：跟踪间谍
qst_capture_enemy_hero|普通任务：俘获{s13}的一位领主
qst_lend_companion|普通任务：将同伴{s3}借调给{s9}
qst_collect_debt|普通任务：追回{s3}欠{s9}的债款
qst_incriminate_loyal_commander|普通任务：诬陷{s13}的忠诚指挥官{s16}
qst_meet_spy_in_enemy_town|普通任务：在{s13}与间谍接头
qst_capture_prisoners|普通任务：带来{reg1}名{s3}俘虏
qst_lend_surgeon|普通任务：将外科医生{s3}借调给{s1}
qst_follow_army|军务任务：跟随{s9}的军队
qst_report_to_army|军务任务：向元帅{s13}报到
qst_deliver_cattle_to_army|军务任务：向{s13}运送{reg3}头牛
qst_join_siege_with_army|军务任务：参与围攻{s14}
qst_screen_army|军务任务：掩护{s13}的军队前进
qst_scout_waypoints|军务任务：侦察{s13}、{s14}和{s15}
qst_rescue_lord_by_replace|普通任务：从{s14}救出{s13}
qst_deliver_message_to_prisoner_lord|普通任务：给关押在{s14}的{s13}送信
qst_duel_for_lady|普通任务：向{s13}发起决斗挑战
qst_duel_courtship_rival|可选任务：向{s13}发起决斗挑战
qst_duel_avenge_insult|普通任务：向{s13}发起决斗挑战
qst_move_cattle_herd|普通任务：将牛群赶到{s13}
qst_escort_merchant_caravan|普通任务：护送商队前往{s8}
qst_deliver_wine|普通任务：向{s4}运送{reg5}份{s6}
qst_troublesome_bandits|普通任务：剿灭滋事匪徒
qst_kidnapped_girl|普通任务：从匪徒手中赎回女孩
qst_persuade_lords_to_make_peace|普通任务：确保两位领主不再反对议和
qst_deal_with_looters|普通任务：对付劫匪
qst_deal_with_night_bandits|普通任务：对付夜间匪徒
qst_elusive_bandits|普通任务：神出鬼没的匪徒
qst_deliver_grain|普通任务：给{s3}送去小麦
qst_deliver_cattle|普通任务：向{s3}运送{reg5}头牛
qst_train_peasants_against_bandits|普通任务：训练{s13}的村民
qst_water_dispute|普通任务：用水纠纷
qst_dry_wells|普通任务：枯井
qst_need_tools|普通任务：村民需要工具
qst_eliminate_bandits_infesting_village|普通任务：从匪徒手中解救{s7}村
qst_visit_lady|普通任务：拜访女士
qst_formal_marriage_proposal|普通任务：正式求婚
qst_obtain_liege_blessing|普通任务：正式求婚
qst_wed_betrothed|普通任务：与未婚伴侣成婚
qst_wed_betrothed_female|普通任务：与未婚伴侣成婚
qst_join_faction|特殊任务：加入{s1}
qst_rebel_against_kingdom|帮助{s13}夺取{s14}的王位
qst_consult_with_minister|普通任务：与大臣商议
qst_organize_feast|普通任务：筹办宴会
qst_resolve_dispute|普通任务：调解争端
qst_offer_gift|普通任务：筹备礼物
qst_denounce_lord|普通任务：公开谴责
qst_intrigue_against_lord|普通任务：密谋
qst_track_down_bandits|普通任务：追踪匪徒
qst_track_down_provocateurs|普通任务：追踪挑衅者
qst_retaliate_for_border_incident|普通任务：报复边境事件
qst_raid_caravan_to_start_war|普通任务：袭击中立商队以挑起战争
qst_cause_provocation|普通任务：挑衅
qst_rescue_prisoner|普通任务：营救或赎回囚犯
qst_destroy_bandit_lair|普通任务：摧毁匪徒巢穴
qst_raid_german_temple|普通任务：劫掠{s14}
qst_deliver_bribe|普通任务：送给“朋友”的“礼物”
qst_spy_on_spouse|普通任务：嫉妒的丈夫
qst_vc_wounds|维京征服伤势系统。
qst_blank_quest_2|主线任务：征服罗马！
qst_blank_quest_3|主线任务：结束内战
qst_blank_quest_4|普通任务：请愿书（Libelli）
qst_blank_quest_5|主线任务：冥界之旅（Katabasis）
qst_blank_quest_6|普通任务：俘获{reg5}名女子并带到{s3}
qst_blank_quest_7|普通任务：将逃奴送回{s3}
qst_blank_quest_8|特殊任务：克瑞斯托斯的信徒
qst_blank_quest_9|普通任务：给{s3}送去{reg33}份蜂蜜酒
qst_blank_quest_10|普通任务：追回{s3}的{s9}被盗的{s13}
qst_blank_quest_11|普通任务：给{s3}送去{reg33}载{s33}
qst_blank_quest_12|普通任务：给{s3}送去{reg33}托盘木材
qst_blank_quest_13|普通任务：往事重现
qst_blank_quest_14|揭露刺杀阴谋
qst_blank_quest_15|揭露刺杀阴谋
qst_blank_quest_16|普通任务：给{s11}送去{reg25}{reg1?件:件}{s17}
qst_blank_quest_17|普通任务：给{s11}送去食物
qst_blank_quest_18|普通任务：给{s3}送信
qst_blank_quest_19|主线任务：要么成为凯撒，要么一无所有
qst_blank_quest_20|特殊任务：沙漠之花
qst_blank_quest_21|普通任务：贪腐
qst_blank_quest_22|特殊任务：征服日耳曼尼亚
qst_blank_quest_23|特殊任务：征服美索不达米亚
qst_blank_quest_24|特殊任务：征服达契亚
qst_blank_quest_25|特殊任务：征服不列颠尼亚
qst_blank_quest_26|可选任务：与{s30}交谈
qst_blank_quest_27|可选任务：与{s31}交谈
qst_collect_men|主线任务：招募十名士兵
qst_learn_where_merchant_brother_is|主线任务：查明人质的关押地点。
qst_save_relative_of_merchant|主线任务：袭击匪徒巢穴
qst_save_town_from_bandits|主线任务：匪帮联盟
qst_conspiracy|特殊任务：阴谋
qst_usurp_province|特殊任务：暴政与专制
qst_join_roman_army|主线任务：在军团服役
qst_gain_renown|主线任务：成为富有的地主
qst_important_friends|主线任务：凯索·弗拉维乌斯的秘密
qst_slave_revolt|特殊任务：奴隶阿尔布斯
qst_widow|特殊任务：图西特
qst_petrus|特殊任务：基督保卢斯
qst_town_trade|特殊任务：会面
qst_town_trade_2|特殊任务：商人卢基卢斯
qst_the_eagle|特殊任务：雄鹰
qst_new_hope|主线任务：新的希望
qst_grain_supply|元老院任务：粮食供应
qst_talk_with_the_emperor|元老院任务：与元首交谈
qst_bribes_bribes|主线任务：贿赂
qst_freelancing|特殊任务：为帝国效力
qst_thunder|特殊任务：帕提亚雷神
qst_avaritia|特殊任务：帮派活动
qst_become_pharao|特殊任务：成为法老
qst_governor_corruption|普通任务：贪腐总督
qst_money_stinks|特殊任务：金钱无臭
qst_pirates|特殊任务：快船
qst_philosopher|特殊任务：哲学家
qst_nero_special_quest|特殊任务：尼禄的愿望
qst_elephant_hunt|普通任务：危险的狩猎
qst_gardens_of_pleasure|特殊任务：欢愉之园
qst_amor_quest|特殊任务：我爱你，你却不爱我
qst_wlodowiecus_adventure_1|特殊任务：沃洛多维库斯的冒险（I）
qst_wlodowiecus_adventure_2|特殊任务：沃洛多维库斯的冒险（II）
qst_wlodowiecus_adventure_3|特殊任务：沃洛多维库斯的冒险（III）
qst_wlodowiecus_adventure_4|特殊任务：沃洛多维库斯的冒险（IV）
qst_bacchhus_quest|特殊任务：Dionysus Rege!
qst_hadrian_letter|特殊任务：卢吉人的森林
qst_arminius_sword|特殊任务：阿尔米尼乌斯之墓
qst_nero_reborn|特殊任务：尼禄重生
qst_elysium|特殊任务：极乐世界
qst_olympic_games|特殊任务：奥林匹克竞技会
qst_langobard_arrive|特殊任务：温尼利人的入侵
qst_investment|普通任务：投资机会
qst_collect_requested_money|普通任务：筹集所需资金
qst_collect_requested_influence|普通任务：与朋友会面
qst_collect_requested_senate|普通任务：与元老会面
qst_rags_to_riches|特殊任务：往昔的闪电
qst_poking_the_lion|主线任务：挑衅雄狮
qst_four_emperors|主线任务：四位凯撒
qst_player_treason|特殊任务：叛国
qst_neros_fate|特殊任务：艺术家的命运
qst_zarinaia|特殊任务：金色的扎里奈娅
qst_rhodogune|特殊任务：披发之誓
qst_werdheri|特殊任务：韦尔德赫里的苦难
qst_triumph|特殊任务：凯旋
qst_prophecy_of_caeselius_bassus|特殊任务：凯塞利乌斯·巴苏斯的预言
qst_trial|普通任务：审判
qst_nero_greece_tour|特殊任务：希腊大巡游
qst_saturnalia|普通任务：农神节
qst_ludi_romani|普通任务：罗马竞技节
qst_quests_end|任务结束
qst_raid_german_temple_text|{s11}请你摧毁{s34}附近、位于{s14}的神庙。
qst_deliver_bribe_text|{s11}请你将10,000第纳尔作为礼物送给罗马的一位元老。
qst_spy_on_spouse_text|{s11}请你监视他的妻子{s14}。
qst_blank_quest_2_text|如今，你有机会成为凯撒。征服永恒之城罗马吧！但等待你的将是内战。提示：向罗马进军，看看会发生什么。
qst_blank_quest_6_text|{s3}的村庄首领请你将{reg5}名女子作为俘虏带到村里。
qst_blank_quest_7_text|{s3}的村庄首领请你将一名逃奴带回村里。
qst_blank_quest_9_text|{s3}的祭司请你给他带来{reg33}份蜂蜜酒。
qst_blank_quest_10_text|{s3}的{s9}请你找回他被盗的{s13}。^^调查线索：^{s10}
qst_blank_quest_11_text|{s3}的{s9}请你给他带来{reg33}载{s33}。
qst_blank_quest_12_text|{s3}的修道院长请你给他带来{reg33}托盘木材。
qst_blank_quest_13_text|{s11}请你对付她那位“幽灵”前情人，据说他在{s33}。
qst_blank_quest_14_text|有人企图谋杀你。你可以去{s3}见杀手的接头人，尝试查出是谁想要你的命。
qst_blank_quest_15_text|接头人供出了下令刺杀你的领主——{s9}。是时候直接与这位领主对质了。
qst_blank_quest_16_text|{s11}请你给她带来{reg25}{reg1?件:件}{s17}。
qst_blank_quest_17_text|{s11}请你给她带来两块奶酪和{reg25}{reg1?瓶:瓶}葡萄酒。
qst_blank_quest_18_text|{s11}请你给她的情人{s3}送一封信。
