skl_trade|交易与经营
skl_trade_desc|此技能每提升一级，交易惩罚降低5%%，使市场价格更优惠。此技能对于高效管理庄园、工坊和定居点也至关重要。（队伍与个人技能）
skl_leadership|统御
skl_leadership_desc|此技能每提升一级，可统率的士兵上限增加5人，队伍士气提高，士兵薪饷降低5%%。（领袖技能）
skl_prisoner_management|俘虏管理
skl_prisoner_management_desc|此技能每提升一级，可携带的俘虏上限增加%d人。（领袖技能）
skl_oratory|演说
skl_oratory_desc|此技能决定你的演说水平，也能帮助你说服持相反意见的人。
skl_persuasion|说服
skl_persuasion_desc|此技能有助于让他人接受你的观点，也会降低让非玩家角色按你的意愿行事所需的最低关系值。（个人技能）
skl_engineer|工程
skl_engineer_desc|此技能可提高建造攻城器械和领地设施的效率。（队伍技能）
skl_first_aid|急救
skl_first_aid_desc|此技能每提升一级，英雄可恢复在战斗场景中损失的生命值的5%%。（队伍技能）
skl_surgery|手术
skl_surgery_desc|此技能每提升一级，队伍成员遭受致命一击后受伤而非死亡的概率提高4%%。（队伍技能）
skl_wound_treatment|疗伤
skl_wound_treatment_desc|此技能每提升一级，队伍的恢复速度提高20%%。（队伍技能）
skl_inventory_management|物品管理
skl_inventory_management_desc|此技能每提升一级，物品栏容量增加6格。（领袖技能）
skl_spotting|侦察
skl_spotting_desc|此技能每提升一级，队伍视野范围增加10%%。（队伍技能）
skl_pathfinding|向导
skl_pathfinding_desc|此技能每提升一级，队伍在地图上的移动速度提高3%%。（队伍技能）
skl_tactics|战术
skl_tactics_desc|此技能每提升两级，初始战场优势增加1点。（队伍技能）
skl_tracking|追踪
skl_tracking_desc|可从足迹中获得更多信息。（队伍技能）
skl_trainer|教练
skl_trainer_desc|每天，拥有此技能的英雄都会为队伍中等级低于自己的其他成员提供一些经验。各级提供的经验依次为：{0,4,10,16,23,30,38,46,55,65,80}。（个人技能）
skl_looting|掠夺
skl_looting_desc|此技能每提升一级，获得的战利品数量增加10%%。（队伍技能）
skl_horse_archery|骑射
skl_horse_archery_desc|降低骑马射箭和投掷时的伤害与精度惩罚。（个人技能）
skl_riding|骑术
skl_riding_desc|使你能够驾驭骑乘难度更高的马匹，并提高骑乘速度和操控能力。（个人技能）
skl_athletics|跑动
skl_athletics_desc|提高奔跑速度。（个人技能）
skl_shield|盾防
skl_shield_desc|降低盾牌所受伤害（每级降低8%%），并提高盾牌的格挡速度和覆盖范围。（个人技能）
skl_weapon_master|武器掌握
skl_weapon_master_desc|使武器熟练度更容易提升，并提高熟练度上限。各级上限依次为：60、100、140、180、220、260、300、340、380、420。（个人技能）
skl_power_draw|强弓
skl_power_draw_desc|使角色能够使用更强劲的弓。此技能每提升一级，弓箭伤害提高14%%；参与伤害加成的技能等级最多为所用弓的强弓需求加四级。（个人技能）
skl_power_throw|强掷
skl_power_throw_desc|此技能每提升一级，投掷伤害提高10%%。（个人技能）
skl_power_strike|强击
skl_power_strike_desc|此技能每提升一级，近战伤害提高8%%。（个人技能）
skl_ironflesh|铁骨
skl_ironflesh_desc|此技能每提升一级，生命值增加2点。（个人技能）
