skinkey_chin_size|下巴大小
skinkey_chin_shape|下巴形状
skinkey_chin_forward|下巴前突
skinkey_jaw_width|下颌宽度
skinkey_lower_lip|下唇
skinkey_upper_lip|上唇
skinkey_mouth_nose_distance|口鼻间距
skinkey_mouth_width|嘴部宽度
skinkey_nostril_size|鼻孔大小
skinkey_nose_height|鼻子高度
skinkey_nose_width|鼻子宽度
skinkey_nose_size|鼻子大小
skinkey_nose_shape|鼻子形状
skinkey_nose_bridge|鼻梁
skinkey_eye_width|眼睛宽度
skinkey_eye_to_eye_dist|眼距
skinkey_eye_shape|眼睛形状
skinkey_eye_depth|眼窝深度
skinkey_eyelids|眼睑
skinkey_cheeks|脸颊
skinkey_cheek_bones|颧骨
skinkey_eyebrow_height|眉毛高度
skinkey_eyebrow_shape|眉毛形状
skinkey_temple_width|太阳穴宽度
skinkey_face_depth|面部深度
skinkey_face_ratio|面部比例
skinkey_face_width|脸部宽度
skinkey_post_edit|后期调整
skinkey_jaw_position|下颌位置
skinkey_eyebrow_position|眉毛位置
skinkey_eyebrow_depth|眉骨深度
skinkey_jaw_neck|下颌与颈部
skinkey_lips_position|嘴唇位置
skinkey_eye_position|眼睛位置
skinkey_face_tall_short|脸部长度
